customer_id,sector_code,size_bucket,event_h12m,score_raw,prob_calibrated,score_ews,tier
C0001,CON,SME,0,3.686872152868017e-06,0.0,100.0,RED
C0002,IT,SME,0,0.0005406637358694,0.0,100.0,RED
C0003,RET,Corp,0,2.7682350639111494e-06,0.0,100.0,RED
C0004,CHE,SME,0,2.395823401040458e-06,0.0,100.0,RED
C0005,MFG,Corp,0,0.0007535773949646,0.0,100.0,RED
C0006,MFG,SME,0,4.333585782105342e-05,0.0,100.0,RED
C0007,MFG,SME,0,1.360933980035474e-05,0.0,100.0,RED
C0008,LOG,Corp,0,2.597097945429276e-06,0.0,100.0,RED
C0009,CHE,SME,0,0.0001207810807712,0.0,100.0,RED
C0010,RET,SME,0,4.102929378362163e-06,0.0,100.0,RED
C0011,MFG,SME,0,5.291582517537899e-07,0.0,100.0,RED
C0012,IT,Corp,0,2.992086139496475e-05,0.0,100.0,RED
C0013,LOG,Corp,0,5.4872885405669e-06,0.0,100.0,RED
C0014,TRA,SME,0,0.0001909422428949,0.0,100.0,RED
C0015,TRA,SME,0,0.1378891402038711,0.1286950619950333,87.13,RED
C0016,TRA,Corp,0,8.33972431205298e-06,0.0,100.0,RED
C0017,CON,SME,0,1.2919959646896278e-06,0.0,100.0,RED
C0018,ENG,SME,0,2.986222802077341e-06,0.0,100.0,RED
C0019,AGR,Corp,0,6.991515045475246e-06,0.0,100.0,RED
C0020,TRA,SME,0,9.974042573422243e-06,0.0,100.0,RED
C0021,CHE,SME,0,4.214519373853848e-05,0.0,100.0,RED
C0022,MFG,SME,0,5.799894673915183e-06,0.0,100.0,RED
C0023,TRA,Corp,0,0.0004833446117308,0.0,100.0,RED
C0024,CON,Corp,0,1.762689867695657e-05,0.0,100.0,RED
C0025,AGR,Corp,0,4.769147864410412e-06,0.0,100.0,RED
C0026,LOG,SME,0,0.0002013004479744,0.0,100.0,RED
C0027,TRA,Corp,0,2.0831691645578373e-05,0.0,100.0,RED
C0028,ENG,Corp,0,1.5695492330635098e-06,0.0,100.0,RED
C0029,CHE,SME,0,6.9086758239381615e-06,0.0,100.0,RED
C0030,MFG,Corp,0,0.0049244139082087,0.0,100.0,RED
C0031,CHE,SME,0,1.1405621760837708e-05,0.0,100.0,RED
C0032,MFG,SME,0,1.754247349814172e-06,0.0,100.0,RED
C0033,MFG,SME,0,4.964809923964411e-05,0.0,100.0,RED
C0034,IT,SME,0,5.7561673582194286e-06,0.0,100.0,RED
C0035,IT,SME,0,2.0729036394689478e-06,0.0,100.0,RED
C0036,LOG,SME,0,1.3864460780036853e-06,0.0,100.0,RED
C0037,CON,SME,0,1.391219076992223e-05,0.0,100.0,RED
C0038,MFG,SME,0,1.5231857720163765e-06,0.0,100.0,RED
C0039,RET,SME,0,0.0006106153403616,0.0,100.0,RED
C0040,AGR,SME,0,1.5829508919992445e-05,0.0,100.0,RED
C0041,MFG,SME,0,2.8182483757688773e-05,0.0,100.0,RED
C0042,ENG,SME,0,2.396580478525348e-06,0.0,100.0,RED
C0043,MFG,SME,0,0.0020971199928359,0.0,100.0,RED
C0044,TEL,SME,0,0.0023794994627952,0.0,100.0,RED
C0045,TRA,Corp,0,8.586759728697141e-07,0.0,100.0,RED
C0046,RET,SME,0,6.132052379654194e-06,0.0,100.0,RED
C0047,CON,SME,0,1.81219955696816e-06,0.0,100.0,RED
C0048,ENG,SME,0,9.197183737253927e-06,0.0,100.0,RED
C0049,ENG,Corp,0,4.615792524201919e-06,0.0,100.0,RED
C0050,TRA,SME,0,1.6247343399462252e-06,0.0,100.0,RED
C0051,IT,Corp,0,3.299685479700738e-06,0.0,100.0,RED
C0052,RET,SME,0,1.4752228041628686e-06,0.0,100.0,RED
C0053,TEL,Corp,0,3.398615124171061e-06,0.0,100.0,RED
C0054,TEL,SME,0,1.5795553026712e-06,0.0,100.0,RED
C0055,CHE,Corp,0,1.788592041842429e-06,0.0,100.0,RED
C0056,TEL,SME,0,1.8005466953811011e-06,0.0,100.0,RED
C0057,MFG,SME,0,7.882261464694934e-05,0.0,100.0,RED
C0058,TRA,SME,0,0.0003771008378819,0.0,100.0,RED
C0059,MFG,SME,0,3.532817585040922e-05,0.0,100.0,RED
C0060,CON,SME,0,1.44125234193608e-06,0.0,100.0,RED
C0061,CON,Corp,0,1.7956014289273466e-06,0.0,100.0,RED
C0062,TRA,Corp,0,0.0005564055497541,0.0,100.0,RED
C0063,LOG,SME,0,2.0212270131887645e-06,0.0,100.0,RED
C0064,CON,SME,0,1.293333917693682e-06,0.0,100.0,RED
C0065,TRA,SME,0,1.2964350662918116e-05,0.0,100.0,RED
C0066,ENG,SME,0,1.406213268316595e-06,0.0,100.0,RED
C0067,MFG,SME,0,2.633020587697112e-05,0.0,100.0,RED
C0068,LOG,SME,0,5.59271695534651e-06,0.0,100.0,RED
C0069,MFG,SME,0,4.91895897176959e-06,0.0,100.0,RED
C0070,IT,SME,0,0.0028799142664104,0.0,100.0,RED
C0071,RET,SME,0,2.378392684760316e-06,0.0,100.0,RED
C0072,TRA,SME,0,0.0011279249682234,0.0,100.0,RED
C0073,MFG,SME,0,7.257918147541161e-06,0.0,100.0,RED
C0074,LOG,SME,0,6.739078568187563e-05,0.0,100.0,RED
C0075,RET,Corp,0,7.635636099583806e-06,0.0,100.0,RED
C0076,RET,SME,0,1.228030280326973e-06,0.0,100.0,RED
C0077,RET,SME,0,9.8163555105738e-05,0.0,100.0,RED
C0078,MFG,SME,0,0.0004890553011173,0.0,100.0,RED
C0079,CON,SME,0,3.110834683540744e-05,0.0,100.0,RED
C0080,MFG,Corp,0,3.8686548656541086e-05,0.0,100.0,RED
C0081,LOG,SME,0,1.2829308790533084e-05,0.0,100.0,RED
C0082,CHE,SME,0,0.0008969036439566,0.0,100.0,RED
C0083,CON,SME,0,1.3978546625237163e-06,0.0,100.0,RED
C0084,MFG,Corp,0,4.503795778950364e-06,0.0,100.0,RED
C0085,CON,Corp,0,1.3691421554120062e-05,0.0,100.0,RED
C0086,CON,SME,0,2.3124120278286904e-05,0.0,100.0,RED
C0087,RET,SME,0,8.239395248440229e-07,0.0,100.0,RED
C0088,CHE,SME,0,1.7619914619645552e-05,0.0,100.0,RED
C0089,TEL,Corp,0,2.376481571992317e-06,0.0,100.0,RED
C0090,AGR,SME,0,2.0529598039198677e-06,0.0,100.0,RED
C0091,MFG,Corp,0,0.0001802890446481,0.0,100.0,RED
C0092,RET,SME,1,0.99984663153923,1.0,0.0,RED
C0093,RET,SME,0,2.2656566357853085e-06,0.0,100.0,RED
C0094,CHE,SME,0,0.0041180884027279,0.0,100.0,RED
C0095,RET,SME,0,0.000959365946466,0.0,100.0,RED
C0096,ENG,SME,0,4.067574033270285e-06,0.0,100.0,RED
C0097,ENG,SME,0,2.0756841354176744e-05,0.0,100.0,RED
C0098,AGR,SME,0,4.936408964687355e-06,0.0,100.0,RED
C0099,MFG,SME,0,7.324274321511895e-06,0.0,100.0,RED
C0100,MFG,SME,0,1.0115379282394588e-05,0.0,100.0,RED
C0101,MFG,SME,0,3.4244527160896788e-06,0.0,100.0,RED
C0102,CHE,Corp,0,1.0133147205448753e-05,0.0,100.0,RED
C0103,CON,Corp,0,1.3775279656251455e-05,0.0,100.0,RED
C0104,ENG,Corp,0,0.8327453917297932,0.8313381507431608,16.87,RED
C0105,TEL,Corp,0,0.0009571269048848,0.0,100.0,RED
C0106,TRA,SME,0,5.172247710834799e-06,0.0,100.0,RED
C0107,AGR,SME,0,0.0022948375960358,0.0,100.0,RED
C0108,RET,SME,0,1.4626533042955636e-05,0.0,100.0,RED
C0109,TRA,SME,0,1.238055795035998e-05,0.0,100.0,RED
C0110,MFG,SME,0,3.428012684934126e-06,0.0,100.0,RED
C0111,TRA,Corp,0,3.812124622519654e-05,0.0,100.0,RED
C0112,MFG,SME,0,4.926479650703672e-06,0.0,100.0,RED
C0113,TEL,SME,0,1.8772659978079365e-05,0.0,100.0,RED
C0114,LOG,SME,0,4.075707576721268e-06,0.0,100.0,RED
C0115,CHE,SME,0,0.0005390593027061,0.0,100.0,RED
C0116,LOG,SME,0,7.51405618585074e-06,0.0,100.0,RED
C0117,LOG,SME,0,0.0004808492624099,0.0,100.0,RED
C0118,TRA,Corp,0,2.2018256525825364e-06,0.0,100.0,RED
C0119,TEL,SME,0,2.7780336919526857e-06,0.0,100.0,RED
C0120,ENG,SME,0,1.4371075545450866e-05,0.0,100.0,RED
C0121,LOG,Corp,1,0.999809308211954,1.0,0.0,RED
C0122,TEL,Corp,0,3.103237869135679e-06,0.0,100.0,RED
C0123,CON,Corp,0,7.073208003543376e-06,0.0,100.0,RED
C0124,MFG,Corp,0,1.2535997714557664e-05,0.0,100.0,RED
C0125,TRA,SME,0,1.6228856121329042e-06,0.0,100.0,RED
C0126,AGR,SME,0,1.0640050607179587e-06,0.0,100.0,RED
C0127,LOG,SME,0,4.565839412956294e-05,0.0,100.0,RED
C0128,LOG,SME,0,1.1742286398825892e-06,0.0,100.0,RED
C0129,MFG,SME,0,0.00028944272696,0.0,100.0,RED
C0130,ENG,SME,0,1.1776064473388564e-05,0.0,100.0,RED
C0131,AGR,SME,0,3.058626907685506e-05,0.0,100.0,RED
C0132,TRA,SME,0,2.4303910155238685e-06,0.0,100.0,RED
C0133,MFG,SME,0,1.9247068877221507e-06,0.0,100.0,RED
C0134,CON,SME,0,1.911122300897029e-06,0.0,100.0,RED
C0135,IT,SME,0,2.01221303913139e-05,0.0,100.0,RED
C0136,CON,SME,0,2.4543445339359587e-06,0.0,100.0,RED
C0137,ENG,Corp,1,0.9996774329870678,1.0,0.0,RED
C0138,RET,SME,0,0.0004397968460531,0.0,100.0,RED
C0139,CON,SME,0,8.96284198182605e-07,0.0,100.0,RED
C0140,IT,SME,0,4.556021379534135e-06,0.0,100.0,RED
C0141,IT,Corp,1,0.0946113496382392,0.08493228318941476,91.51,RED
C0142,TRA,SME,0,1.3707484153279185e-06,0.0,100.0,RED
C0143,ENG,SME,0,7.5918284245939154e-06,0.0,100.0,RED
C0144,CON,SME,0,1.324211057666324e-06,0.0,100.0,RED
C0145,TRA,SME,0,1.5932708271323575e-05,0.0,100.0,RED
C0146,MFG,Corp,0,0.0006042436113679,0.0,100.0,RED
C0147,CHE,SME,0,9.221552635473936e-06,0.0,100.0,RED
C0148,ENG,SME,0,0.0005650340671939,0.0,100.0,RED
C0149,MFG,Corp,0,1.0624917961113595e-06,0.0,100.0,RED
C0150,TRA,Corp,0,8.523919736456675e-05,0.0,100.0,RED
C0151,TEL,SME,0,1.6940025366642802e-06,0.0,100.0,RED
C0152,TRA,Corp,0,1.257462452892223e-06,0.0,100.0,RED
C0153,MFG,SME,0,0.0022771154436671,0.0,100.0,RED
C0154,ENG,SME,0,5.103392661337061e-05,0.0,100.0,RED
C0155,IT,SME,0,1.196947741928732e-05,0.0,100.0,RED
C0156,TRA,SME,0,0.0008303128868545,0.0,100.0,RED
C0157,RET,SME,0,6.434257239343822e-05,0.0,100.0,RED
C0158,RET,Corp,0,1.5397943082987783e-06,0.0,100.0,RED
C0159,TRA,Corp,0,1.1455884627986035e-05,0.0,100.0,RED
C0160,RET,SME,0,1.2402961852727495e-05,0.0,100.0,RED
C0161,CON,Corp,0,3.4031959407511365e-06,0.0,100.0,RED
C0162,CHE,SME,0,8.214316348421317e-07,0.0,100.0,RED
C0163,CHE,SME,0,1.7679070361332429e-06,0.0,100.0,RED
C0164,ENG,SME,0,2.4366525764152865e-06,0.0,100.0,RED
C0165,MFG,SME,0,1.728922179366364e-05,0.0,100.0,RED
C0166,LOG,Corp,0,0.0015476039651277,0.0,100.0,RED
C0167,CON,Corp,0,1.029327236073384e-05,0.0,100.0,RED
C0168,TRA,SME,0,0.0004070763743003,0.0,100.0,RED
C0169,MFG,SME,0,8.403571875412589e-07,0.0,100.0,RED
C0170,CHE,SME,1,0.9997723109003934,1.0,0.0,RED
C0171,RET,SME,0,1.711934127885776e-05,0.0,100.0,RED
C0172,MFG,Corp,0,6.472789368514988e-06,0.0,100.0,RED
C0173,ENG,SME,0,6.742655802789523e-07,0.0,100.0,RED
C0174,TRA,SME,0,1.4048302128708951e-05,0.0,100.0,RED
C0175,CHE,SME,0,7.285272382123054e-06,0.0,100.0,RED
C0176,MFG,SME,0,0.0001337599839005,0.0,100.0,RED
C0177,RET,SME,0,6.65491597006871e-06,0.0,100.0,RED
C0178,CON,SME,0,0.0001129593775191,0.0,100.0,RED
C0179,TEL,SME,0,3.781045026472789e-05,0.0,100.0,RED
C0180,MFG,SME,0,2.62141997664405e-05,0.0,100.0,RED
C0181,CON,Corp,0,0.0010651456731221,0.0,100.0,RED
C0182,MFG,SME,0,2.1272063962336304e-06,0.0,100.0,RED
C0183,TEL,SME,0,0.0001052100811304,0.0,100.0,RED
C0184,LOG,Corp,0,3.6801213731277945e-05,0.0,100.0,RED
C0185,TRA,SME,0,0.0009475275608407,0.0,100.0,RED
C0186,CHE,Corp,0,7.107308731294767e-05,0.0,100.0,RED
C0187,LOG,SME,0,1.1277461125111406e-05,0.0,100.0,RED
C0188,ENG,SME,0,8.473513423034912e-06,0.0,100.0,RED
C0189,ENG,SME,0,6.072172739488951e-06,0.0,100.0,RED
C0190,TRA,SME,0,0.0016598581043203,0.0,100.0,RED
C0191,MFG,SME,0,9.67263482244655e-07,0.0,100.0,RED
C0192,TEL,SME,1,0.999714173696812,1.0,0.0,RED
C0193,TEL,SME,1,0.9995380952043847,1.0,0.0,RED
C0194,CHE,SME,0,4.309677667577731e-06,0.0,100.0,RED
C0195,CON,SME,0,1.1295067370523472e-06,0.0,100.0,RED
C0196,CON,Corp,0,4.594059387774257e-06,0.0,100.0,RED
C0197,RET,Corp,0,2.3279608391952563e-06,0.0,100.0,RED
C0198,TEL,Corp,0,0.0057772677630186,0.0,100.0,RED
C0199,TEL,SME,0,2.064656655463604e-06,0.0,100.0,RED
C0200,RET,SME,0,1.3726794809633692e-06,0.0,100.0,RED
C0201,CHE,SME,0,7.2417371455460305e-06,0.0,100.0,RED
C0202,MFG,SME,0,2.968177368145285e-05,0.0,100.0,RED
C0203,MFG,SME,0,2.3050059126460897e-05,0.0,100.0,RED
C0204,TEL,SME,0,4.182260028051787e-05,0.0,100.0,RED
C0205,CHE,SME,0,5.025206015149396e-06,0.0,100.0,RED
C0206,MFG,SME,0,1.5132087223483667e-06,0.0,100.0,RED
C0207,MFG,SME,0,1.6929055253212707e-05,0.0,100.0,RED
C0208,RET,SME,0,0.0015069626865976,0.0,100.0,RED
C0209,MFG,SME,0,2.237342268183023e-05,0.0,100.0,RED
C0210,MFG,Corp,0,9.294899459120886e-05,0.0,100.0,RED
C0211,ENG,SME,0,1.6192336427861691e-06,0.0,100.0,RED
C0212,RET,SME,0,4.186037208496189e-05,0.0,100.0,RED
C0213,CHE,SME,0,1.0075691715831163e-05,0.0,100.0,RED
C0214,TRA,SME,0,0.0001589968070653,0.0,100.0,RED
C0215,RET,SME,0,1.5493535121013834e-05,0.0,100.0,RED
C0216,TRA,SME,0,1.2572834348479165e-06,0.0,100.0,RED
C0217,CON,SME,0,2.3261772362335624e-06,0.0,100.0,RED
C0218,RET,SME,0,2.8683899362017068e-06,0.0,100.0,RED
C0219,CHE,SME,0,6.927466202835717e-06,0.0,100.0,RED
C0220,LOG,SME,0,5.5589513555830775e-06,0.0,100.0,RED
C0221,CHE,Corp,0,1.8138476294413857e-06,0.0,100.0,RED
C0222,CHE,SME,0,8.200499247913781e-07,0.0,100.0,RED
C0223,MFG,SME,0,1.6143914432419015e-05,0.0,100.0,RED
C0224,CON,Corp,0,2.91349391877184e-06,0.0,100.0,RED
C0225,TRA,SME,0,1.3158536940744118e-05,0.0,100.0,RED
C0226,TRA,SME,0,0.001625709842983,0.0,100.0,RED
C0227,IT,SME,0,5.069585233867154e-06,0.0,100.0,RED
C0228,CON,SME,0,1.8999017562770304e-06,0.0,100.0,RED
C0229,TEL,Corp,0,2.7151163684665264e-06,0.0,100.0,RED
C0230,CHE,SME,1,0.999713182265298,1.0,0.0,RED
C0231,LOG,Corp,0,3.278666007044978e-06,0.0,100.0,RED
C0232,ENG,SME,0,0.0009848943893014,0.0,100.0,RED
C0233,CHE,SME,0,0.0002566479288708,0.0,100.0,RED
C0234,ENG,SME,0,3.61904816616488e-06,0.0,100.0,RED
C0235,TRA,SME,0,3.886530214564119e-06,0.0,100.0,RED
C0236,RET,SME,0,5.8789995540240505e-06,0.0,100.0,RED
C0237,TRA,Corp,0,4.012429457397397e-06,0.0,100.0,RED
C0238,MFG,SME,0,1.0637564984020669e-06,0.0,100.0,RED
C0239,CHE,Corp,0,2.075626540816353e-06,0.0,100.0,RED
C0240,MFG,SME,0,1.087291032252903e-06,0.0,100.0,RED
C0241,IT,Corp,0,8.937679115152825e-07,0.0,100.0,RED
C0242,IT,SME,0,8.04265392841923e-07,0.0,100.0,RED
C0243,TEL,SME,0,3.809613050041064e-05,0.0,100.0,RED
C0244,CON,Corp,0,4.534707392764857e-05,0.0,100.0,RED
C0245,MFG,SME,0,2.6668112092055884e-06,0.0,100.0,RED
C0246,TEL,SME,0,2.263841998731464e-06,0.0,100.0,RED
C0247,AGR,SME,0,2.98663742266925e-06,0.0,100.0,RED
C0248,IT,SME,0,7.762241206315444e-06,0.0,100.0,RED
C0249,IT,Corp,1,0.999687199974566,1.0,0.0,RED
C0250,LOG,SME,0,2.4458915801950138e-06,0.0,100.0,RED
C0251,TRA,SME,0,2.037856432127666e-06,0.0,100.0,RED
C0252,CON,SME,0,2.0742534676366173e-06,0.0,100.0,RED
C0253,LOG,SME,0,0.0006458397423127,0.0,100.0,RED
C0254,CON,SME,0,1.3795719462558636e-06,0.0,100.0,RED
C0255,MFG,SME,0,1.3974862743366436e-06,0.0,100.0,RED
C0256,ENG,SME,0,1.3000502890984083e-06,0.0,100.0,RED
C0257,TEL,SME,0,1.456096484543436e-06,0.0,100.0,RED
C0258,RET,SME,0,1.2269780974275173e-05,0.0,100.0,RED
C0259,CHE,SME,0,1.65703950179961e-05,0.0,100.0,RED
C0260,MFG,SME,0,1.0184658588200417e-05,0.0,100.0,RED
C0261,CHE,SME,0,2.801741477858036e-06,0.0,100.0,RED
C0262,IT,SME,0,7.969571072839058e-05,0.0,100.0,RED
C0263,MFG,SME,0,3.692828472368801e-05,0.0,100.0,RED
C0264,ENG,SME,0,0.0009613240089217,0.0,100.0,RED
C0265,LOG,SME,0,1.614956453854358e-05,0.0,100.0,RED
C0266,RET,SME,0,1.623692659127228e-05,0.0,100.0,RED
C0267,RET,SME,0,2.4550968085063824e-05,0.0,100.0,RED
C0268,RET,SME,0,1.2532392792315869e-06,0.0,100.0,RED
C0269,CON,SME,0,1.4304006616690636e-06,0.0,100.0,RED
C0270,TRA,SME,0,5.7361852166270695e-06,0.0,100.0,RED
C0271,LOG,SME,0,9.260928387104096e-06,0.0,100.0,RED
C0272,LOG,Corp,0,0.0002738844881772,0.0,100.0,RED
C0273,LOG,SME,0,6.339040454092117e-06,0.0,100.0,RED
C0274,TEL,SME,0,8.482321197404086e-05,0.0,100.0,RED
C0275,ENG,SME,0,1.0835061411795162e-06,0.0,100.0,RED
C0276,ENG,SME,0,0.0027741837667695,0.0,100.0,RED
C0277,LOG,SME,0,0.0008626733363486,0.0,100.0,RED
C0278,CHE,Corp,0,4.62820784266775e-06,0.0,100.0,RED
C0279,RET,SME,0,4.069310986841009e-06,0.0,100.0,RED
C0280,LOG,SME,0,3.2399346561548033e-05,0.0,100.0,RED
C0281,TEL,SME,0,1.5774958175896145e-05,0.0,100.0,RED
C0282,CON,SME,0,2.5167229251707744e-05,0.0,100.0,RED
C0283,CON,SME,0,6.420626999772348e-05,0.0,100.0,RED
C0284,MFG,SME,0,3.0173601061885963e-05,0.0,100.0,RED
C0285,CHE,SME,0,3.786521585567382e-06,0.0,100.0,RED
C0286,MFG,SME,0,1.1184898639804636e-05,0.0,100.0,RED
C0287,AGR,SME,0,2.270137799775491e-05,0.0,100.0,RED
C0288,ENG,SME,0,0.0001065050689797,0.0,100.0,RED
C0289,TRA,SME,0,5.57446254455915e-05,0.0,100.0,RED
C0290,CHE,SME,0,8.145867560932649e-06,0.0,100.0,RED
C0291,MFG,SME,0,3.109459669096565e-06,0.0,100.0,RED
C0292,MFG,SME,0,0.0002593851797716,0.0,100.0,RED
C0293,LOG,SME,0,9.824415541868782e-06,0.0,100.0,RED
C0294,CON,SME,0,1.7108606106366366e-05,0.0,100.0,RED
C0295,MFG,Corp,0,9.306117996340378e-07,0.0,100.0,RED
C0296,ENG,SME,0,0.0003081340635504,0.0,100.0,RED
C0297,RET,SME,0,3.8693347658837466e-05,0.0,100.0,RED
C0298,TRA,SME,0,1.0740027582171656e-05,0.0,100.0,RED
C0299,CHE,SME,0,9.60621612048218e-07,0.0,100.0,RED
C0300,MFG,SME,0,1.490236689399976e-06,0.0,100.0,RED
C0301,MFG,SME,0,8.422842828073423e-07,0.0,100.0,RED
C0302,ENG,Corp,0,1.8087760203984382e-05,0.0,100.0,RED
C0303,ENG,SME,0,7.524930876834872e-06,0.0,100.0,RED
C0304,CHE,SME,0,0.0022746826681817,0.0,100.0,RED
C0305,RET,SME,1,0.9996737976719356,1.0,0.0,RED
C0306,IT,Corp,0,9.58181811283527e-07,0.0,100.0,RED
C0307,ENG,SME,0,0.0011623070422555,0.0,100.0,RED
C0308,CON,Corp,0,1.10579197334524e-06,0.0,100.0,RED
C0309,LOG,SME,0,3.4217392187787472e-06,0.0,100.0,RED
C0310,TRA,Corp,0,8.988807612408916e-05,0.0,100.0,RED
C0311,AGR,SME,0,9.729204858055612e-06,0.0,100.0,RED
C0312,MFG,Corp,0,0.0017676805029467,0.0,100.0,RED
C0313,MFG,SME,0,6.678746055921697e-06,0.0,100.0,RED
C0314,IT,Corp,0,2.5743211545723977e-06,0.0,100.0,RED
C0315,LOG,SME,0,1.5220464654942326e-06,0.0,100.0,RED
C0316,RET,SME,0,3.5162879500135304e-05,0.0,100.0,RED
C0317,AGR,SME,0,4.77723078577574e-05,0.0,100.0,RED
C0318,MFG,SME,0,0.0006417383396438,0.0,100.0,RED
C0319,MFG,SME,0,3.3777400734354654e-05,0.0,100.0,RED
C0320,TRA,SME,1,0.9998699737392392,1.0,0.0,RED
C0321,ENG,SME,0,0.0007993312532119,0.0,100.0,RED
C0322,RET,SME,0,3.434709399237408e-05,0.0,100.0,RED
C0323,RET,Corp,0,7.650513038624184e-06,0.0,100.0,RED
C0324,TRA,SME,0,3.4992095103126334e-06,0.0,100.0,RED
C0325,IT,Corp,0,3.798106880165611e-05,0.0,100.0,RED
C0326,RET,SME,0,1.109179686705746e-06,0.0,100.0,RED
C0327,ENG,SME,0,0.0038465858959143,0.0,100.0,RED
C0328,CHE,SME,0,1.961559601014551e-06,0.0,100.0,RED
C0329,AGR,SME,0,4.0785997316370494e-06,0.0,100.0,RED
C0330,TRA,SME,0,0.0049113339633662,0.0,100.0,RED
C0331,CON,SME,0,0.0006639806455544,0.0,100.0,RED
C0332,RET,SME,0,0.0031845938719982,0.0,100.0,RED
C0333,MFG,SME,0,2.069524818699544e-06,0.0,100.0,RED
C0334,MFG,Corp,0,8.024655181255441e-05,0.0,100.0,RED
C0335,MFG,Corp,0,6.446684577227692e-05,0.0,100.0,RED
C0336,MFG,SME,0,4.816483050809217e-06,0.0,100.0,RED
C0337,LOG,SME,0,5.921098515966393e-06,0.0,100.0,RED
C0338,RET,SME,0,6.547628683118549e-07,0.0,100.0,RED
C0339,AGR,SME,0,0.0005393464673915,0.0,100.0,RED
C0340,MFG,SME,0,0.0010637433307802,0.0,100.0,RED
C0341,ENG,SME,1,0.999868745086134,1.0,0.0,RED
C0342,AGR,SME,0,2.80338134705996e-06,0.0,100.0,RED
C0343,MFG,Corp,0,4.215266488689958e-06,0.0,100.0,RED
C0344,AGR,SME,0,5.863681779156654e-06,0.0,100.0,RED
C0345,CON,SME,0,1.05946536821528e-05,0.0,100.0,RED
C0346,CHE,SME,0,0.0017533425976216,0.0,100.0,RED
C0347,CHE,SME,0,2.492076171069996e-06,0.0,100.0,RED
C0348,MFG,SME,1,0.9996755851725811,1.0,0.0,RED
C0349,CON,Corp,0,3.540312035973433e-05,0.0,100.0,RED
C0350,CHE,SME,0,8.876694499179397e-07,0.0,100.0,RED
C0351,ENG,Corp,0,3.618387439535991e-05,0.0,100.0,RED
C0352,LOG,SME,0,0.0002603930473671,0.0,100.0,RED
C0353,CHE,SME,0,3.30901133421613e-06,0.0,100.0,RED
C0354,MFG,SME,1,0.9997268230110836,1.0,0.0,RED
C0355,MFG,SME,0,1.945092503369885e-06,0.0,100.0,RED
C0356,CHE,Corp,0,0.0002434975149379,0.0,100.0,RED
C0357,MFG,Corp,0,1.1076373848422407e-05,0.0,100.0,RED
C0358,CHE,SME,0,3.543106323457192e-05,0.0,100.0,RED
C0359,IT,SME,0,2.063388812660348e-06,0.0,100.0,RED
C0360,CHE,SME,0,2.139741198142468e-05,0.0,100.0,RED
C0361,CON,Corp,0,4.279603028242807e-05,0.0,100.0,RED
C0362,CHE,SME,0,2.285864691058016e-06,0.0,100.0,RED
C0363,AGR,SME,0,0.0003377993942573,0.0,100.0,RED
C0364,ENG,SME,0,1.7199594642197325e-05,0.0,100.0,RED
C0365,IT,SME,0,1.1356926861282404e-05,0.0,100.0,RED
C0366,CON,SME,0,9.264191143528565e-06,0.0,100.0,RED
C0367,IT,SME,0,5.572911591542057e-06,0.0,100.0,RED
C0368,TEL,Corp,1,0.9996803781811746,1.0,0.0,RED
C0369,TRA,SME,0,3.084113511028211e-06,0.0,100.0,RED
C0370,MFG,SME,0,2.49630661808246e-06,0.0,100.0,RED
C0371,MFG,Corp,0,0.0004359711992785,0.0,100.0,RED
C0372,MFG,SME,0,1.1220705794389346e-05,0.0,100.0,RED
C0373,MFG,Corp,0,0.0001456836479048,0.0,100.0,RED
C0374,RET,SME,0,0.0011055495570618,0.0,100.0,RED
C0375,MFG,SME,0,1.426459279599235e-06,0.0,100.0,RED
C0376,CON,Corp,0,2.4468451369684914e-06,0.0,100.0,RED
C0377,LOG,SME,0,0.0004679960930335,0.0,100.0,RED
C0378,MFG,SME,0,8.331166086877452e-06,0.0,100.0,RED
C0379,LOG,SME,0,1.4450920274080091e-06,0.0,100.0,RED
C0380,TRA,SME,0,5.82778181306072e-06,0.0,100.0,RED
C0381,MFG,SME,0,9.109986939070166e-06,0.0,100.0,RED
C0382,RET,SME,0,2.113560977699425e-05,0.0,100.0,RED
C0383,CHE,Corp,0,8.988310092410891e-05,0.0,100.0,RED
C0384,LOG,SME,0,1.7523887239815747e-05,0.0,100.0,RED
C0385,RET,SME,0,1.4439608394686894e-06,0.0,100.0,RED
C0386,LOG,SME,0,9.431484632666792e-07,0.0,100.0,RED
C0387,TRA,SME,0,1.217400772600704e-06,0.0,100.0,RED
C0388,MFG,SME,0,3.8941162238608485e-05,0.0,100.0,RED
C0389,RET,Corp,0,4.977582958850384e-06,0.0,100.0,RED
C0390,LOG,SME,0,2.9662263831431094e-06,0.0,100.0,RED
C0391,IT,SME,0,0.0057345938262927,0.0,100.0,RED
C0392,AGR,SME,0,1.1023046789990826e-06,0.0,100.0,RED
C0393,CON,SME,0,0.0008824153272202,0.0,100.0,RED
C0394,RET,SME,0,5.609430826858912e-06,0.0,100.0,RED
C0395,CON,SME,0,3.88091986169125e-06,0.0,100.0,RED
C0396,TEL,Corp,0,0.0001056387657004,0.0,100.0,RED
C0397,LOG,SME,0,6.80510608572706e-06,0.0,100.0,RED
C0398,AGR,SME,0,2.2482359557377893e-05,0.0,100.0,RED
C0399,RET,SME,0,0.0032137450524829,0.0,100.0,RED
C0400,RET,SME,0,0.0010646038172167,0.0,100.0,RED
C0401,MFG,SME,0,0.0861906291723425,0.07641719676017292,92.36,RED
C0402,TEL,SME,0,2.273785580250976e-06,0.0,100.0,RED
C0403,ENG,SME,0,1.307371422004951e-05,0.0,100.0,RED
C0404,LOG,SME,0,1.5276207883862523e-05,0.0,100.0,RED
C0405,CON,SME,0,2.3050766151928776e-06,0.0,100.0,RED
C0406,TEL,SME,0,5.999652142674029e-05,0.0,100.0,RED
C0407,CON,Corp,0,2.016262623172456e-06,0.0,100.0,RED
C0408,MFG,Corp,0,2.866663206387604e-06,0.0,100.0,RED
C0409,TEL,SME,0,1.6285604465566946e-05,0.0,100.0,RED
C0410,MFG,Corp,0,1.3857215397714718e-05,0.0,100.0,RED
C0411,CON,SME,0,0.0003120248598506,0.0,100.0,RED
C0412,IT,SME,0,1.7310307179101554e-05,0.0,100.0,RED
C0413,IT,SME,0,1.254585491784788e-06,0.0,100.0,RED
C0414,CHE,SME,0,2.396974682715524e-06,0.0,100.0,RED
C0415,CHE,SME,0,9.937736100125655e-06,0.0,100.0,RED
C0416,AGR,Corp,0,2.0832915791347025e-05,0.0,100.0,RED
C0417,TRA,SME,0,2.3336722897760432e-05,0.0,100.0,RED
C0418,CON,SME,0,4.999911892385315e-06,0.0,100.0,RED
C0419,RET,SME,0,0.001216182474011,0.0,100.0,RED
C0420,RET,Corp,0,1.3423536572782547e-06,0.0,100.0,RED
C0421,LOG,SME,0,1.4335272000782848e-06,0.0,100.0,RED
C0422,LOG,SME,0,0.0006834427933539,0.0,100.0,RED
C0423,MFG,SME,0,1.2909007048780262e-05,0.0,100.0,RED
C0424,ENG,SME,0,0.0002468752112297,0.0,100.0,RED
C0425,MFG,Corp,0,4.798407335748842e-06,0.0,100.0,RED
C0426,ENG,Corp,0,5.166347514627122e-06,0.0,100.0,RED
C0427,AGR,SME,0,3.722394930832228e-05,0.0,100.0,RED
C0428,TEL,Corp,0,4.097993001297907e-06,0.0,100.0,RED
C0429,CON,SME,0,5.515629492330954e-06,0.0,100.0,RED
C0430,MFG,Corp,0,2.331405550679404e-06,0.0,100.0,RED
C0431,MFG,SME,0,0.0002822291127679,0.0,100.0,RED
C0432,RET,SME,0,1.829448333433369e-05,0.0,100.0,RED
C0433,CHE,SME,0,6.282909844277843e-06,0.0,100.0,RED
C0434,MFG,SME,0,1.0939991408336395e-05,0.0,100.0,RED
C0435,MFG,SME,0,8.25801134142382e-06,0.0,100.0,RED
C0436,RET,SME,0,2.7286051572621007e-05,0.0,100.0,RED
C0437,MFG,SME,0,2.853642695121371e-05,0.0,100.0,RED
C0438,LOG,SME,0,0.0044466452240435,0.0,100.0,RED
C0439,RET,SME,0,1.9514188151495198e-06,0.0,100.0,RED
C0440,MFG,SME,0,8.181294512655113e-06,0.0,100.0,RED
C0441,MFG,Corp,0,1.1376275276821124e-05,0.0,100.0,RED
C0442,IT,SME,0,1.1387039540301192e-05,0.0,100.0,RED
C0443,CON,SME,0,7.2624021901996014e-06,0.0,100.0,RED
C0444,CON,SME,0,0.0039210842154888,0.0,100.0,RED
C0445,LOG,Corp,0,1.3280617331300537e-06,0.0,100.0,RED
C0446,IT,SME,0,9.168059022976749e-06,0.0,100.0,RED
C0447,IT,SME,0,2.347399302817662e-05,0.0,100.0,RED
C0448,RET,Corp,0,7.128849198070989e-05,0.0,100.0,RED
C0449,CON,Corp,0,2.661411007111409e-05,0.0,100.0,RED
C0450,MFG,SME,0,0.0001901452428181,0.0,100.0,RED
C0451,RET,SME,0,1.6128454678781272e-06,0.0,100.0,RED
C0452,ENG,SME,0,2.1193648062086437e-06,0.0,100.0,RED
C0453,AGR,Corp,0,2.081790521436064e-05,0.0,100.0,RED
C0454,TEL,SME,0,8.170636717375215e-06,0.0,100.0,RED
C0455,MFG,SME,0,3.477815556226596e-06,0.0,100.0,RED
C0456,ENG,Corp,0,0.0021894697044274,0.0,100.0,RED
C0457,MFG,SME,1,0.9998229752612054,1.0,0.0,RED
C0458,AGR,SME,0,4.948624842524527e-06,0.0,100.0,RED
C0459,MFG,SME,0,5.632716748388439e-06,0.0,100.0,RED
C0460,MFG,SME,0,0.0010407208437955,0.0,100.0,RED
C0461,MFG,SME,0,1.4991802349321685e-06,0.0,100.0,RED
C0462,CHE,SME,0,1.448523693406368e-06,0.0,100.0,RED
C0463,RET,SME,1,0.9998345757964792,1.0,0.0,RED
C0464,CHE,SME,0,1.2033627859583267e-06,0.0,100.0,RED
C0465,IT,Corp,0,0.0009909863886532,0.0,100.0,RED
C0466,CON,SME,0,3.06944222165022e-06,0.0,100.0,RED
C0467,TRA,Corp,0,1.3662186920487391e-05,0.0,100.0,RED
C0468,LOG,SME,0,4.493239245445822e-06,0.0,100.0,RED
C0469,TRA,Corp,0,2.3913298788409026e-06,0.0,100.0,RED
C0470,IT,SME,0,4.043415173527342e-05,0.0,100.0,RED
C0471,MFG,SME,0,3.15597315002057e-05,0.0,100.0,RED
C0472,IT,SME,0,4.665646355627137e-05,0.0,100.0,RED
C0473,MFG,Corp,0,9.336637642924022e-05,0.0,100.0,RED
C0474,TEL,SME,0,6.325997643699475e-05,0.0,100.0,RED
C0475,ENG,SME,0,5.128305000072976e-06,0.0,100.0,RED
C0476,IT,SME,0,3.431199574154457e-05,0.0,100.0,RED
C0477,MFG,Corp,0,3.088823011722999e-06,0.0,100.0,RED
C0478,ENG,SME,0,7.025784933760459e-05,0.0,100.0,RED
C0479,IT,SME,0,0.0002544647048266,0.0,100.0,RED
C0480,ENG,SME,0,1.0985849998617506e-05,0.0,100.0,RED
C0481,CHE,Corp,0,8.605937519843191e-06,0.0,100.0,RED
C0482,RET,SME,0,1.0253594354315411e-06,0.0,100.0,RED
C0483,AGR,SME,0,1.2505310512950275e-06,0.0,100.0,RED
C0484,CHE,SME,0,6.330303000046224e-06,0.0,100.0,RED
C0485,CHE,SME,0,5.237885196869869e-05,0.0,100.0,RED
C0486,TEL,SME,0,1.724534433723145e-06,0.0,100.0,RED
C0487,MFG,SME,0,1.373312485236506e-05,0.0,100.0,RED
C0488,TRA,SME,0,5.653312037072866e-06,0.0,100.0,RED
C0489,IT,SME,0,1.5053007787347453e-06,0.0,100.0,RED
C0490,TEL,SME,0,4.392503567708197e-06,0.0,100.0,RED
C0491,AGR,SME,0,3.617872565390512e-06,0.0,100.0,RED
C0492,CHE,SME,0,0.0314295263630569,0.0210424191185059,97.9,RED
C0493,TRA,SME,0,8.154666660554719e-06,0.0,100.0,RED
C0494,TRA,SME,0,1.1671957708397234e-05,0.0,100.0,RED
C0495,AGR,SME,0,1.626623536756753e-05,0.0,100.0,RED
C0496,CON,SME,0,0.0006547825375371,0.0,100.0,RED
C0497,CHE,SME,0,0.0007334973245388,0.0,100.0,RED
C0498,MFG,SME,0,0.0005407349980251,0.0,100.0,RED
C0499,IT,SME,0,2.945529687494565e-06,0.0,100.0,RED
C0500,IT,Corp,0,7.97747827605618e-06,0.0,100.0,RED
C0501,RET,SME,0,1.6876176268956606e-06,0.0,100.0,RED
C0502,ENG,SME,0,1.480037348947352e-05,0.0,100.0,RED
C0503,CON,SME,0,0.0106203037209145,0.0,100.0,RED
C0504,LOG,SME,0,7.24854933329761e-05,0.0,100.0,RED
C0505,RET,SME,0,3.5095807990039715e-06,0.0,100.0,RED
C0506,MFG,SME,0,5.2099347808395736e-05,0.0,100.0,RED
C0507,TEL,SME,0,5.733152575570274e-05,0.0,100.0,RED
C0508,LOG,SME,0,9.894528607997096e-05,0.0,100.0,RED
C0509,IT,SME,0,4.355603301206236e-05,0.0,100.0,RED
C0510,RET,SME,0,2.66083725421806e-06,0.0,100.0,RED
C0511,CHE,Corp,0,4.894909215590137e-07,0.0,100.0,RED
C0512,AGR,SME,0,1.768382757423712e-05,0.0,100.0,RED
C0513,TEL,Corp,0,5.618825573111727e-05,0.0,100.0,RED
C0514,LOG,SME,0,9.095897505789342e-06,0.0,100.0,RED
C0515,MFG,SME,0,1.0898111691153624e-06,0.0,100.0,RED
C0516,MFG,SME,0,5.3756286372479656e-05,0.0,100.0,RED
C0517,CON,SME,0,5.480452053699435e-06,0.0,100.0,RED
C0518,LOG,Corp,0,0.0035897234552672,0.0,100.0,RED
C0519,IT,SME,0,9.962648111223749e-06,0.0,100.0,RED
C0520,MFG,Corp,0,0.2549099242732722,0.2470272278000987,75.3,RED
C0521,CHE,SME,0,9.028285244794536e-06,0.0,100.0,RED
C0522,CON,Corp,0,8.883422540100685e-07,0.0,100.0,RED
C0523,IT,SME,0,1.4592825900261766e-06,0.0,100.0,RED
C0524,LOG,SME,0,4.52600910602947e-06,0.0,100.0,RED
C0525,LOG,SME,0,0.0019820935664474,0.0,100.0,RED
C0526,AGR,SME,0,7.263268551545228e-06,0.0,100.0,RED
C0527,AGR,SME,0,2.4093253500571745e-05,0.0,100.0,RED
C0528,TRA,SME,0,2.874967925422388e-06,0.0,100.0,RED
C0529,MFG,Corp,0,1.8863915471527445e-05,0.0,100.0,RED
C0530,LOG,SME,0,0.0001751035117975,0.0,100.0,RED
C0531,LOG,SME,0,6.736812460487207e-06,0.0,100.0,RED
C0532,IT,SME,0,6.460219816907725e-06,0.0,100.0,RED
C0533,IT,SME,0,1.214467291897232e-06,0.0,100.0,RED
C0534,ENG,SME,0,3.848987540577126e-06,0.0,100.0,RED
C0535,RET,SME,0,2.2155813120568905e-06,0.0,100.0,RED
C0536,IT,SME,0,4.809200879208261e-06,0.0,100.0,RED
C0537,LOG,SME,0,2.925586447574352e-05,0.0,100.0,RED
C0538,TRA,SME,0,1.4018747809004857e-06,0.0,100.0,RED
C0539,AGR,SME,0,1.6938601165893562e-06,0.0,100.0,RED
C0540,MFG,SME,0,5.665122615814428e-06,0.0,100.0,RED
C0541,IT,SME,0,1.528232211018498e-05,0.0,100.0,RED
C0542,CHE,SME,0,0.0021659083961676,0.0,100.0,RED
C0543,TRA,SME,0,4.587513662457573e-05,0.0,100.0,RED
C0544,RET,SME,1,0.9997233487021472,1.0,0.0,RED
C0545,CHE,Corp,0,1.0132509657917624e-06,0.0,100.0,RED
C0546,CON,SME,0,7.463164395306205e-07,0.0,100.0,RED
C0547,MFG,Corp,0,5.111416486866397e-06,0.0,100.0,RED
C0548,RET,SME,0,3.3923269355223924e-06,0.0,100.0,RED
C0549,ENG,SME,0,4.3163285888275584e-05,0.0,100.0,RED
C0550,RET,SME,0,0.0001606891748759,0.0,100.0,RED
C0551,ENG,Corp,0,8.689500207543268e-05,0.0,100.0,RED
C0552,LOG,SME,0,2.035813025609525e-05,0.0,100.0,RED
C0553,ENG,Corp,0,4.326504954294607e-05,0.0,100.0,RED
C0554,CHE,Corp,0,6.214635380821262e-05,0.0,100.0,RED
C0555,LOG,SME,0,1.9243183012166225e-05,0.0,100.0,RED
C0556,AGR,SME,0,0.0002124148450087,0.0,100.0,RED
C0557,MFG,SME,0,5.642354634963865e-06,0.0,100.0,RED
C0558,MFG,SME,0,4.669738267810479e-06,0.0,100.0,RED
C0559,RET,Corp,0,6.036538307036704e-05,0.0,100.0,RED
C0560,CHE,Corp,0,0.0007622966809188,0.0,100.0,RED
C0561,RET,SME,0,0.0001677365995783,0.0,100.0,RED
C0562,TRA,SME,0,3.726188312831533e-05,0.0,100.0,RED
C0563,MFG,SME,0,8.995333520849293e-06,0.0,100.0,RED
C0564,MFG,SME,0,1.9646965589362724e-05,0.0,100.0,RED
C0565,CON,Corp,0,1.1585300405526802e-05,0.0,100.0,RED
C0566,CHE,SME,0,1.7838846997127878e-06,0.0,100.0,RED
C0567,CON,SME,0,1.594781175848711e-06,0.0,100.0,RED
C0568,AGR,SME,0,0.0034420497072089,0.0,100.0,RED
C0569,TEL,SME,0,3.252221903172334e-05,0.0,100.0,RED
C0570,CON,SME,0,1.314095040956027e-06,0.0,100.0,RED
C0571,ENG,SME,0,0.0005960689862209,0.0,100.0,RED
C0572,LOG,SME,0,1.3945911362359904e-06,0.0,100.0,RED
C0573,CON,SME,0,0.0005676220701542,0.0,100.0,RED
C0574,CHE,Corp,0,9.4363393712255e-06,0.0,100.0,RED
C0575,LOG,SME,0,0.1023755942879946,0.09278353707181107,90.72,RED
C0576,IT,SME,0,5.065127269861359e-06,0.0,100.0,RED
C0577,MFG,SME,0,5.705952155827659e-06,0.0,100.0,RED
C0578,TEL,SME,0,8.558487094689501e-05,0.0,100.0,RED
C0579,ENG,SME,0,7.998860375848076e-06,0.0,100.0,RED
C0580,TRA,SME,0,0.0034922883898066,0.0,100.0,RED
C0581,AGR,SME,0,0.0006425561872227,0.0,100.0,RED
C0582,IT,SME,0,1.3304286308515883e-05,0.0,100.0,RED
C0583,ENG,SME,0,4.656908686215176e-06,0.0,100.0,RED
C0584,CON,SME,0,8.615536988976097e-06,0.0,100.0,RED
C0585,CHE,Corp,0,4.312972370556662e-06,0.0,100.0,RED
C0586,TRA,SME,0,0.0003475335943403,0.0,100.0,RED
C0587,MFG,SME,0,4.011345067578917e-06,0.0,100.0,RED
C0588,MFG,SME,0,9.450960292289124e-06,0.0,100.0,RED
C0589,MFG,SME,0,1.2845274296888892e-06,0.0,100.0,RED
C0590,MFG,SME,0,3.175174778749244e-06,0.0,100.0,RED
C0591,MFG,SME,0,9.629590672933184e-07,0.0,100.0,RED
C0592,CHE,Corp,0,0.0005925399571805,0.0,100.0,RED
C0593,TRA,SME,0,2.734430731792086e-06,0.0,100.0,RED
C0594,CON,SME,0,0.0019534090265261,0.0,100.0,RED
C0595,TEL,SME,0,3.5214881062001635e-05,0.0,100.0,RED
C0596,AGR,SME,0,7.93549699458053e-06,0.0,100.0,RED
C0597,RET,SME,0,0.0005113625502566,0.0,100.0,RED
C0598,MFG,SME,0,6.450022193852137e-06,0.0,100.0,RED
C0599,TRA,SME,0,9.750424953318036e-07,0.0,100.0,RED
C0600,MFG,Corp,0,6.752680556123893e-06,0.0,100.0,RED
C0601,MFG,SME,0,7.065718401978145e-06,0.0,100.0,RED
C0602,TRA,SME,0,0.0001492598873434,0.0,100.0,RED
C0603,MFG,SME,0,1.7830997538830432e-05,0.0,100.0,RED
C0604,MFG,SME,0,1.263884437911087e-05,0.0,100.0,RED
C0605,MFG,SME,0,8.736791834214027e-05,0.0,100.0,RED
C0606,AGR,SME,0,4.361888283268881e-06,0.0,100.0,RED
C0607,TRA,SME,0,1.8533804976250125e-06,0.0,100.0,RED
C0608,CON,Corp,0,0.0002057484800514,0.0,100.0,RED
C0609,ENG,SME,1,0.0044584499769215,0.0,100.0,RED
C0610,RET,SME,0,0.0001207119676002,0.0,100.0,RED
C0611,MFG,Corp,0,4.675654551181852e-06,0.0,100.0,RED
C0612,LOG,SME,0,6.40471917675898e-06,0.0,100.0,RED
C0613,CHE,SME,0,1.4454329933325146e-05,0.0,100.0,RED
C0614,MFG,SME,1,3.321940071936453e-06,0.0,100.0,RED
C0615,LOG,SME,0,0.0001059801914771,0.0,100.0,RED
C0616,TEL,SME,0,1.0377454453132722e-06,0.0,100.0,RED
C0617,MFG,Corp,0,1.2520163441204248e-06,0.0,100.0,RED
C0618,TRA,SME,0,0.0002066700751275,0.0,100.0,RED
C0619,LOG,SME,0,2.0547809972081063e-05,0.0,100.0,RED
C0620,RET,SME,0,6.137077222860615e-06,0.0,100.0,RED
C0621,TRA,SME,0,4.4910411989664566e-06,0.0,100.0,RED
C0622,TRA,SME,0,6.788300204185199e-05,0.0,100.0,RED
C0623,CON,SME,0,2.9307873048731144e-06,0.0,100.0,RED
C0624,ENG,Corp,0,2.7329756372406804e-05,0.0,100.0,RED
C0625,CHE,SME,0,1.3541994132634645e-06,0.0,100.0,RED
C0626,CON,SME,0,2.4184364414923924e-05,0.0,100.0,RED
C0627,AGR,SME,0,1.2493355463716287e-06,0.0,100.0,RED
C0628,RET,SME,0,1.919555984980757e-05,0.0,100.0,RED
C0629,MFG,SME,0,1.0850989382936296e-05,0.0,100.0,RED
C0630,TRA,SME,0,6.328082404489899e-06,0.0,100.0,RED
C0631,RET,SME,0,9.845012109533814e-06,0.0,100.0,RED
C0632,TEL,SME,0,2.2781831301463085e-06,0.0,100.0,RED
C0633,ENG,SME,0,1.084946248116473e-06,0.0,100.0,RED
C0634,ENG,SME,0,2.6482465599429872e-05,0.0,100.0,RED
C0635,MFG,Corp,0,6.6101689772780846e-06,0.0,100.0,RED
C0636,AGR,SME,0,0.0011716673111915,0.0,100.0,RED
C0637,ENG,SME,0,2.634016834049513e-05,0.0,100.0,RED
C0638,TRA,SME,0,3.581929828386157e-06,0.0,100.0,RED
C0639,TRA,Corp,0,2.861623668422059e-06,0.0,100.0,RED
C0640,CON,Corp,0,1.2720206137070747e-06,0.0,100.0,RED
C0641,MFG,SME,0,2.965966146618647e-06,0.0,100.0,RED
C0642,CON,Corp,0,0.0034530799867564,0.0,100.0,RED
C0643,TRA,SME,0,4.896899126776614e-06,0.0,100.0,RED
C0644,CON,SME,0,5.361732429864029e-06,0.0,100.0,RED
C0645,MFG,SME,0,4.445803586148697e-06,0.0,100.0,RED
C0646,TEL,SME,1,0.9997500923508668,1.0,0.0,RED
C0647,CHE,SME,0,1.939314225618258e-06,0.0,100.0,RED
C0648,RET,Corp,0,9.629641436018206e-06,0.0,100.0,RED
C0649,LOG,SME,0,1.6456736459100785e-05,0.0,100.0,RED
C0650,ENG,SME,0,2.963304488123219e-05,0.0,100.0,RED
C0651,MFG,SME,0,5.975799856559482e-06,0.0,100.0,RED
C0652,ENG,SME,0,1.02760079566741e-05,0.0,100.0,RED
C0653,CHE,SME,0,4.729104832119613e-06,0.0,100.0,RED
C0654,RET,SME,0,0.0012333716652105,0.0,100.0,RED
C0655,AGR,SME,0,1.584345774630705e-05,0.0,100.0,RED
C0656,MFG,Corp,0,0.0001588155712097,0.0,100.0,RED
C0657,TRA,SME,0,2.24324404588481e-05,0.0,100.0,RED
C0658,CON,SME,0,0.0002491929563383,0.0,100.0,RED
C0659,CHE,SME,0,6.126486209005044e-06,0.0,100.0,RED
C0660,CHE,SME,0,0.0015379160654842,0.0,100.0,RED
C0661,CON,SME,0,5.76654195744085e-06,0.0,100.0,RED
C0662,IT,SME,0,2.9348315574244057e-06,0.0,100.0,RED
C0663,CHE,Corp,0,1.6710092674245348e-06,0.0,100.0,RED
C0664,TRA,SME,0,5.087582532611075e-06,0.0,100.0,RED
C0665,MFG,Corp,0,2.1523981892522253e-06,0.0,100.0,RED
C0666,MFG,Corp,0,7.73033919247675e-06,0.0,100.0,RED
C0667,TRA,SME,0,3.0772490445143925e-06,0.0,100.0,RED
C0668,MFG,Corp,0,5.767433947666533e-06,0.0,100.0,RED
C0669,TRA,SME,0,1.1953066663203037e-06,0.0,100.0,RED
C0670,TRA,Corp,0,1.8024737643056804e-05,0.0,100.0,RED
C0671,MFG,SME,0,7.8258052752762e-05,0.0,100.0,RED
C0672,TEL,Corp,0,8.041832781455046e-07,0.0,100.0,RED
C0673,MFG,Corp,0,0.0008818918670345,0.0,100.0,RED
C0674,ENG,Corp,0,0.00043410803834,0.0,100.0,RED
C0675,AGR,SME,0,0.0029689232332909,0.0,100.0,RED
C0676,IT,SME,0,7.923901088557476e-06,0.0,100.0,RED
C0677,MFG,SME,0,1.1225371397068587e-06,0.0,100.0,RED
C0678,CON,SME,1,0.0049892302816134,0.0,100.0,RED
C0679,IT,SME,0,3.9346712349618704e-05,0.0,100.0,RED
C0680,LOG,SME,0,1.6616053468582113e-06,0.0,100.0,RED
C0681,LOG,SME,0,0.0001346694354553,0.0,100.0,RED
C0682,TRA,Corp,0,0.0035594879128395,0.0,100.0,RED
C0683,MFG,SME,0,1.6606806030547455e-06,0.0,100.0,RED
C0684,RET,Corp,0,1.5326964516737398e-06,0.0,100.0,RED
C0685,TEL,SME,0,4.418198600833658e-06,0.0,100.0,RED
C0686,ENG,Corp,0,9.76256774926479e-06,0.0,100.0,RED
C0687,CHE,Corp,0,2.2072535717458334e-05,0.0,100.0,RED
C0688,TRA,SME,0,1.093392848142555e-05,0.0,100.0,RED
C0689,RET,SME,0,0.0003638961663707,0.0,100.0,RED
C0690,TRA,SME,0,0.0001010314373259,0.0,100.0,RED
C0691,CON,SME,0,0.0018935260732931,0.0,100.0,RED
C0692,AGR,SME,0,1.6929957157764773e-05,0.0,100.0,RED
C0693,ENG,SME,0,0.0002702089657433,0.0,100.0,RED
C0694,TRA,SME,0,3.207890204532821e-06,0.0,100.0,RED
C0695,MFG,SME,0,0.0018572600061642,0.0,100.0,RED
C0696,CHE,SME,0,7.713238893898738e-06,0.0,100.0,RED
C0697,TRA,SME,0,1.6540411470000854e-05,0.0,100.0,RED
C0698,CHE,SME,0,2.5251964710293925e-05,0.0,100.0,RED
C0699,MFG,Corp,0,1.644364952980652e-06,0.0,100.0,RED
C0700,ENG,SME,0,0.0002429073775771,0.0,100.0,RED
C0701,ENG,Corp,0,5.865903436983568e-07,0.0,100.0,RED
C0702,MFG,SME,0,1.5558450615776916e-06,0.0,100.0,RED
C0703,CON,SME,0,6.684807112201538e-05,0.0,100.0,RED
C0704,MFG,SME,0,1.6665811909414437e-06,0.0,100.0,RED
C0705,MFG,SME,0,4.1705052539739074e-05,0.0,100.0,RED
C0706,IT,SME,0,3.656493839583012e-06,0.0,100.0,RED
C0707,CON,SME,0,0.0010121789181917,0.0,100.0,RED
C0708,LOG,SME,0,1.9813602035166837e-06,0.0,100.0,RED
C0709,TRA,SME,0,1.1478365921401732e-06,0.0,100.0,RED
C0710,RET,SME,0,2.487363138940991e-05,0.0,100.0,RED
C0711,RET,SME,0,1.836267250811157e-06,0.0,100.0,RED
C0712,CHE,SME,0,4.529053466998491e-06,0.0,100.0,RED
C0713,AGR,SME,0,0.3441497061801244,0.337267066414979,66.27,RED
C0714,AGR,SME,0,1.9699523515357287e-06,0.0,100.0,RED
C0715,CON,SME,0,1.2884836118221656e-05,0.0,100.0,RED
C0716,TEL,Corp,1,0.999913503308514,1.0,0.0,RED
C0717,LOG,SME,0,0.0005199037982851,0.0,100.0,RED
C0718,IT,SME,0,2.7199893969220016e-05,0.0,100.0,RED
C0719,MFG,Corp,0,4.8931947363989085e-05,0.0,100.0,RED
C0720,RET,SME,0,9.207618939600928e-07,0.0,100.0,RED
C0721,TEL,SME,0,1.5487370112263162e-06,0.0,100.0,RED
C0722,TRA,SME,0,1.128197320240062e-06,0.0,100.0,RED
C0723,MFG,SME,0,2.070656477516838e-06,0.0,100.0,RED
C0724,RET,SME,0,4.688092363460086e-06,0.0,100.0,RED
C0725,CHE,SME,0,9.852145292679885e-07,0.0,100.0,RED
C0726,LOG,SME,0,1.346035568521298e-05,0.0,100.0,RED
C0727,MFG,SME,0,3.426773720451854e-06,0.0,100.0,RED
C0728,LOG,Corp,0,7.091259109666089e-05,0.0,100.0,RED
C0729,TRA,Corp,0,2.380490913185112e-06,0.0,100.0,RED
C0730,MFG,SME,0,4.261645776415293e-06,0.0,100.0,RED
C0731,MFG,SME,0,9.47810211502787e-06,0.0,100.0,RED
C0732,LOG,SME,0,1.3383966661263762e-06,0.0,100.0,RED
C0733,RET,SME,0,4.056185826000657e-06,0.0,100.0,RED
C0734,ENG,SME,0,0.0040208050695027,0.0,100.0,RED
C0735,CON,SME,0,0.0002966539627845,0.0,100.0,RED
C0736,LOG,Corp,0,5.187704973657543e-06,0.0,100.0,RED
C0737,CON,SME,1,0.9996087624278724,1.0,0.0,RED
C0738,LOG,SME,0,5.671096581530164e-06,0.0,100.0,RED
C0739,AGR,SME,0,0.003376983800476,0.0,100.0,RED
C0740,CON,SME,0,9.781879304146415e-06,0.0,100.0,RED
C0741,AGR,Corp,0,1.456084307323779e-05,0.0,100.0,RED
C0742,CON,SME,0,0.0001064599701668,0.0,100.0,RED
C0743,RET,SME,0,1.3312525071428932e-06,0.0,100.0,RED
C0744,ENG,SME,0,8.860877446353752e-05,0.0,100.0,RED
C0745,TRA,SME,0,9.840161372077045e-06,0.0,100.0,RED
C0746,TEL,SME,0,0.0034420824941484,0.0,100.0,RED
C0747,CON,SME,0,5.248369049784191e-06,0.0,100.0,RED
C0748,ENG,SME,0,0.0002847987402519,0.0,100.0,RED
C0749,TEL,SME,0,0.0002821596665649,0.0,100.0,RED
C0750,CHE,SME,0,7.704055190273604e-05,0.0,100.0,RED
C0751,MFG,SME,0,1.9042495988870107e-05,0.0,100.0,RED
C0752,TEL,SME,0,0.012733834544528,0.002137215895815773,99.79,RED
C0753,CHE,SME,0,3.174803043998576e-05,0.0,100.0,RED
C0754,CON,SME,0,3.899555758700374e-06,0.0,100.0,RED
C0755,MFG,Corp,0,8.028095022705182e-06,0.0,100.0,RED
C0756,LOG,Corp,0,2.9120386377877124e-05,0.0,100.0,RED
C0757,CHE,Corp,0,8.918635230292617e-06,0.0,100.0,RED
C0758,ENG,SME,0,1.2168819416482397e-05,0.0,100.0,RED
C0759,TEL,SME,0,4.172161017942131e-06,0.0,100.0,RED
C0760,LOG,SME,0,0.0004812663031137,0.0,100.0,RED
C0761,MFG,SME,0,0.0003920825938178,0.0,100.0,RED
C0762,CON,Corp,0,0.000159063624235,0.0,100.0,RED
C0763,TRA,SME,0,5.959811578739421e-06,0.0,100.0,RED
C0764,RET,SME,0,2.48711164528428e-06,0.0,100.0,RED
C0765,MFG,SME,0,6.821721505710847e-06,0.0,100.0,RED
C0766,CHE,SME,0,0.0001799034414699,0.0,100.0,RED
C0767,RET,SME,0,0.0006378533053651,0.0,100.0,RED
C0768,LOG,SME,0,5.24306611217222e-06,0.0,100.0,RED
C0769,CON,SME,0,8.255825215163521e-06,0.0,100.0,RED
C0770,LOG,SME,0,3.75381428991544e-05,0.0,100.0,RED
C0771,MFG,SME,0,2.3253383608693204e-05,0.0,100.0,RED
C0772,LOG,SME,0,3.5548289315786987e-06,0.0,100.0,RED
C0773,MFG,Corp,0,3.752275092695821e-06,0.0,100.0,RED
C0774,CON,Corp,0,2.381334315994714e-06,0.0,100.0,RED
C0775,LOG,SME,0,0.000994739762889,0.0,100.0,RED
C0776,MFG,SME,0,5.147563146212446e-05,0.0,100.0,RED
C0777,TRA,SME,0,4.220247371714483e-06,0.0,100.0,RED
C0778,RET,SME,0,4.1491684431408026e-05,0.0,100.0,RED
C0779,RET,SME,0,2.925469981386992e-06,0.0,100.0,RED
C0780,CHE,Corp,0,2.6366194418818515e-06,0.0,100.0,RED
C0781,RET,SME,0,0.0001178767843156,0.0,100.0,RED
C0782,ENG,Corp,0,2.408343167890667e-06,0.0,100.0,RED
C0783,TRA,SME,0,7.09402855648413e-05,0.0,100.0,RED
C0784,CON,SME,0,5.341563383191211e-06,0.0,100.0,RED
C0785,TRA,SME,0,4.723088224576692e-06,0.0,100.0,RED
C0786,TEL,Corp,0,8.016520819740321e-07,0.0,100.0,RED
C0787,CHE,SME,0,1.141530766415329e-05,0.0,100.0,RED
C0788,AGR,SME,0,7.657610174018698e-07,0.0,100.0,RED
C0789,AGR,SME,0,7.800688359032476e-06,0.0,100.0,RED
C0790,IT,SME,0,3.130045342330821e-05,0.0,100.0,RED
C0791,MFG,SME,0,4.114181165463383e-05,0.0,100.0,RED
C0792,CHE,SME,0,1.121893558679444e-06,0.0,100.0,RED
C0793,ENG,SME,0,0.001669232252703,0.0,100.0,RED
C0794,CHE,SME,0,3.436139896449557e-05,0.0,100.0,RED
C0795,MFG,SME,0,1.94353002339206e-06,0.0,100.0,RED
C0796,LOG,SME,0,9.439902679844332e-07,0.0,100.0,RED
C0797,TEL,SME,0,2.1820639112811103e-05,0.0,100.0,RED
C0798,CHE,SME,0,1.806003715949971e-06,0.0,100.0,RED
C0799,RET,SME,0,4.345472285809036e-05,0.0,100.0,RED
C0800,TEL,SME,0,1.6319322607551005e-05,0.0,100.0,RED
C0801,RET,Corp,0,0.0004864785215522,0.0,100.0,RED
C0802,MFG,SME,0,1.2604863236141883e-06,0.0,100.0,RED
C0803,CHE,SME,0,3.234388566613656e-06,0.0,100.0,RED
C0804,CHE,SME,0,8.03613913749936e-06,0.0,100.0,RED
C0805,AGR,SME,0,3.3891484253233065e-05,0.0,100.0,RED
C0806,RET,SME,0,9.019415681988896e-07,0.0,100.0,RED
C0807,TEL,SME,0,1.1571115299594838e-05,0.0,100.0,RED
C0808,TEL,SME,0,8.741007310025657e-06,0.0,100.0,RED
C0809,AGR,SME,0,2.9907246556041968e-05,0.0,100.0,RED
C0810,MFG,SME,0,3.5837096403523915e-06,0.0,100.0,RED
C0811,IT,SME,0,2.1718850718601324e-06,0.0,100.0,RED
C0812,LOG,SME,0,0.0004581782087965,0.0,100.0,RED
C0813,MFG,SME,0,0.0062814632683656,0.0,100.0,RED
C0814,TEL,SME,0,3.363790447120134e-06,0.0,100.0,RED
C0815,LOG,SME,0,0.00011125330419,0.0,100.0,RED
C0816,ENG,Corp,0,2.8178803818197102e-06,0.0,100.0,RED
C0817,CHE,SME,0,1.304258451205561e-06,0.0,100.0,RED
C0818,CON,SME,0,9.346161597475584e-07,0.0,100.0,RED
C0819,MFG,SME,0,3.260130053006625e-06,0.0,100.0,RED
C0820,CON,SME,0,1.4093706831044087e-05,0.0,100.0,RED
C0821,LOG,SME,0,1.1979369556285644e-06,0.0,100.0,RED
C0822,MFG,SME,0,1.1083332176934565e-05,0.0,100.0,RED
C0823,CON,SME,0,6.328372228893023e-06,0.0,100.0,RED
C0824,CON,SME,0,1.8755630636898309e-06,0.0,100.0,RED
C0825,ENG,SME,0,1.5533794243216935e-06,0.0,100.0,RED
C0826,TEL,SME,0,3.654006260639845e-06,0.0,100.0,RED
C0827,CON,SME,0,1.8746586667263373e-05,0.0,100.0,RED
C0828,CON,Corp,0,1.140677143623222e-05,0.0,100.0,RED
C0829,RET,SME,0,3.523388485551557e-06,0.0,100.0,RED
C0830,AGR,SME,0,0.0013550070921892,0.0,100.0,RED
C0831,TRA,Corp,0,1.7604372703461955e-06,0.0,100.0,RED
C0832,AGR,SME,0,0.0037092112834309,0.0,100.0,RED
C0833,MFG,SME,0,3.2486693579615575e-05,0.0,100.0,RED
C0834,MFG,SME,0,8.579937477622977e-06,0.0,100.0,RED
C0835,ENG,Corp,0,0.0001028542175822,0.0,100.0,RED
C0836,AGR,SME,0,0.0036704944809294,0.0,100.0,RED
C0837,TEL,SME,0,1.2525546778696484e-05,0.0,100.0,RED
C0838,CON,SME,0,1.680245379648746e-05,0.0,100.0,RED
C0839,CHE,Corp,0,4.43136287389617e-06,0.0,100.0,RED
C0840,CHE,SME,0,0.0001283977351429,0.0,100.0,RED
C0841,MFG,SME,0,9.941719717718896e-06,0.0,100.0,RED
C0842,RET,SME,0,0.0058896952850833,0.0,100.0,RED
C0843,MFG,SME,0,1.0803254370149735e-06,0.0,100.0,RED
C0844,IT,SME,0,9.20951854483442e-06,0.0,100.0,RED
C0845,MFG,Corp,0,9.536052657622816e-06,0.0,100.0,RED
C0846,AGR,SME,0,9.022585442231544e-05,0.0,100.0,RED
C0847,MFG,SME,0,3.881521339695847e-06,0.0,100.0,RED
C0848,IT,SME,0,3.3921645809388667e-06,0.0,100.0,RED
C0849,ENG,Corp,0,2.241671309866208e-06,0.0,100.0,RED
C0850,CHE,SME,0,5.640698365390057e-06,0.0,100.0,RED
C0851,MFG,SME,0,0.000710871369044,0.0,100.0,RED
C0852,RET,Corp,0,3.74763585054713e-06,0.0,100.0,RED
C0853,TRA,Corp,0,5.969331187543187e-06,0.0,100.0,RED
C0854,TEL,Corp,0,7.379981686456399e-06,0.0,100.0,RED
C0855,TRA,Corp,0,1.251172019035315e-06,0.0,100.0,RED
C0856,TRA,SME,0,1.9516277688329183e-05,0.0,100.0,RED
C0857,MFG,SME,0,2.503576035895509e-06,0.0,100.0,RED
C0858,AGR,SME,0,3.173779363470916e-06,0.0,100.0,RED
C0859,CHE,Corp,0,0.0013758456995775,0.0,100.0,RED
C0860,MFG,SME,0,2.257223771457397e-06,0.0,100.0,RED
C0861,RET,SME,0,8.208259765392778e-07,0.0,100.0,RED
C0862,AGR,SME,0,2.4775318217148345e-06,0.0,100.0,RED
C0863,ENG,SME,0,3.333732964055685e-06,0.0,100.0,RED
C0864,AGR,SME,0,1.9736545828067784e-05,0.0,100.0,RED
C0865,AGR,Corp,0,2.967191859344786e-06,0.0,100.0,RED
C0866,ENG,Corp,0,2.1394139923766118e-06,0.0,100.0,RED
C0867,MFG,SME,0,6.33433129509413e-05,0.0,100.0,RED
C0868,TRA,SME,0,5.083365959490775e-06,0.0,100.0,RED
C0869,LOG,SME,0,2.42227257332265e-05,0.0,100.0,RED
C0870,IT,SME,0,8.151476844541008e-07,0.0,100.0,RED
C0871,CON,Corp,0,5.681288077661912e-05,0.0,100.0,RED
C0872,TRA,SME,0,6.237278396669621e-06,0.0,100.0,RED
C0873,CHE,SME,0,0.0015521119164056,0.0,100.0,RED
C0874,AGR,Corp,0,9.911797287168798e-06,0.0,100.0,RED
C0875,MFG,SME,0,1.4657505706092737e-05,0.0,100.0,RED
C0876,MFG,SME,0,5.98348491682374e-07,0.0,100.0,RED
C0877,RET,SME,0,5.5114787860838975e-05,0.0,100.0,RED
C0878,CHE,SME,0,2.9583020963646275e-06,0.0,100.0,RED
C0879,MFG,SME,0,0.000230599248588,0.0,100.0,RED
C0880,TRA,SME,0,5.378882508307649e-06,0.0,100.0,RED
C0881,TRA,SME,0,0.0001138027995977,0.0,100.0,RED
C0882,RET,Corp,0,9.394901177951904e-05,0.0,100.0,RED
C0883,MFG,SME,0,1.4561384576207126e-05,0.0,100.0,RED
C0884,MFG,SME,0,7.050429557410056e-06,0.0,100.0,RED
C0885,LOG,SME,0,3.399251953601586e-06,0.0,100.0,RED
C0886,MFG,SME,0,2.4870945879504843e-06,0.0,100.0,RED
C0887,CHE,SME,0,3.5502970650248074e-06,0.0,100.0,RED
C0888,TRA,SME,0,9.357234061122343e-06,0.0,100.0,RED
C0889,MFG,SME,0,2.941664816944291e-06,0.0,100.0,RED
C0890,TRA,Corp,0,7.452406751623765e-06,0.0,100.0,RED
C0891,RET,SME,0,3.3700300020327803e-06,0.0,100.0,RED
C0892,LOG,SME,0,5.101543476964255e-06,0.0,100.0,RED
C0893,LOG,Corp,0,3.2470346516508866e-05,0.0,100.0,RED
C0894,CON,SME,0,3.1856906708748767e-06,0.0,100.0,RED
C0895,RET,SME,0,4.828143738471328e-05,0.0,100.0,RED
C0896,TRA,SME,0,2.8640584727037967e-06,0.0,100.0,RED
C0897,TRA,SME,0,0.0005455441835047,0.0,100.0,RED
C0898,TEL,SME,0,2.270393115016966e-06,0.0,100.0,RED
C0899,MFG,SME,0,4.172192793826621e-06,0.0,100.0,RED
C0900,MFG,SME,0,0.0001306291923883,0.0,100.0,RED
C0901,TRA,SME,0,2.4573247645644177e-06,0.0,100.0,RED
C0902,MFG,SME,0,1.019276216916206e-06,0.0,100.0,RED
C0903,TRA,SME,0,2.603266520521286e-06,0.0,100.0,RED
C0904,CHE,SME,0,3.0784711719620477e-06,0.0,100.0,RED
C0905,AGR,SME,0,2.722363387863741e-06,0.0,100.0,RED
C0906,TEL,SME,0,6.360822727709137e-06,0.0,100.0,RED
C0907,LOG,Corp,0,5.345119044384108e-05,0.0,100.0,RED
C0908,CON,SME,0,1.378136933383852e-06,0.0,100.0,RED
C0909,TRA,SME,0,2.3152157057413e-05,0.0,100.0,RED
C0910,CON,SME,0,2.4346145200769226e-06,0.0,100.0,RED
C0911,CHE,SME,0,0.0012271529673503,0.0,100.0,RED
C0912,TRA,Corp,0,6.61411703410545e-05,0.0,100.0,RED
C0913,CHE,Corp,0,1.860779106507103e-06,0.0,100.0,RED
C0914,AGR,SME,0,8.291814609568774e-06,0.0,100.0,RED
C0915,ENG,SME,0,3.484723830812366e-05,0.0,100.0,RED
C0916,AGR,SME,0,6.591944981909959e-06,0.0,100.0,RED
C0917,TRA,Corp,0,1.3040110382907787e-06,0.0,100.0,RED
C0918,IT,SME,0,2.604623391509462e-05,0.0,100.0,RED
C0919,RET,SME,0,7.295505366040148e-07,0.0,100.0,RED
C0920,MFG,SME,0,2.7645784612585623e-05,0.0,100.0,RED
C0921,LOG,SME,0,4.480867223709181e-06,0.0,100.0,RED
C0922,ENG,SME,0,0.0002770324531143,0.0,100.0,RED
C0923,TEL,SME,0,2.347131394302633e-05,0.0,100.0,RED
C0924,LOG,SME,0,0.0004059622947557,0.0,100.0,RED
C0925,AGR,SME,0,0.0003015423652753,0.0,100.0,RED
C0926,MFG,SME,0,7.6717911595409e-06,0.0,100.0,RED
C0927,TRA,SME,0,1.6020626493950402e-05,0.0,100.0,RED
C0928,ENG,SME,0,7.451240148918662e-07,0.0,100.0,RED
C0929,CHE,SME,0,0.0037615260120363,0.0,100.0,RED
C0930,TRA,SME,0,0.0008863303253032,0.0,100.0,RED
C0931,MFG,SME,0,0.0033440606572463,0.0,100.0,RED
C0932,LOG,SME,0,2.753263505737137e-05,0.0,100.0,RED
C0933,IT,SME,0,1.2619808959111798e-06,0.0,100.0,RED
C0934,ENG,SME,0,1.6332833398367374e-06,0.0,100.0,RED
C0935,MFG,SME,0,5.344018485692093e-06,0.0,100.0,RED
C0936,TRA,Corp,0,7.223234074465053e-07,0.0,100.0,RED
C0937,MFG,SME,0,7.73474971610718e-06,0.0,100.0,RED
C0938,TEL,Corp,0,1.1392511990916095e-06,0.0,100.0,RED
C0939,MFG,SME,0,0.0002171114177454,0.0,100.0,RED
C0940,CHE,SME,0,0.0019604618270743,0.0,100.0,RED
C0941,TRA,SME,0,1.7726426439196677e-06,0.0,100.0,RED
C0942,ENG,SME,0,0.0048277426974143,0.0,100.0,RED
C0943,CHE,SME,0,6.078522060763718e-06,0.0,100.0,RED
C0944,LOG,SME,0,6.746465999119436e-07,0.0,100.0,RED
C0945,TRA,SME,0,9.078232883719066e-05,0.0,100.0,RED
C0946,MFG,SME,1,0.9997546856442762,1.0,0.0,RED
C0947,MFG,SME,0,1.3723433099652517e-05,0.0,100.0,RED
C0948,TEL,SME,0,5.5463950474091215e-06,0.0,100.0,RED
C0949,LOG,SME,0,5.442834427836439e-06,0.0,100.0,RED
C0950,CHE,SME,0,1.1523060567740976e-05,0.0,100.0,RED
C0951,CHE,SME,0,1.8827318289331811e-06,0.0,100.0,RED
C0952,RET,SME,1,0.0952950842912476,0.08562368004656172,91.44,RED
C0953,MFG,SME,0,5.598339070528e-06,0.0,100.0,RED
C0954,TEL,SME,0,0.0001143040007488,0.0,100.0,RED
C0955,AGR,Corp,0,3.560933251033537e-06,0.0,100.0,RED
C0956,CON,Corp,0,0.0001220004421271,0.0,100.0,RED
C0957,ENG,SME,0,8.030259411657033e-07,0.0,100.0,RED
C0958,MFG,SME,0,4.947270751531975e-05,0.0,100.0,RED
C0959,MFG,SME,0,1.1161291111632937e-05,0.0,100.0,RED
C0960,RET,SME,0,2.8558719612189163e-05,0.0,100.0,RED
C0961,MFG,SME,0,1.2947249996823446e-05,0.0,100.0,RED
C0962,CHE,SME,0,3.60370094653054e-05,0.0,100.0,RED
C0963,TRA,Corp,0,7.581987583362452e-05,0.0,100.0,RED
C0964,CON,SME,0,1.356447780166582e-06,0.0,100.0,RED
C0965,TRA,SME,0,2.5296420350781597e-05,0.0,100.0,RED
C0966,CON,SME,0,0.0004374831290087,0.0,100.0,RED
C0967,RET,SME,0,6.76078843424647e-05,0.0,100.0,RED
C0968,TRA,SME,0,1.5815663096701473e-05,0.0,100.0,RED
C0969,CHE,SME,0,0.0026986670382978,0.0,100.0,RED
C0970,AGR,SME,0,3.459541202403537e-06,0.0,100.0,RED
C0971,RET,SME,0,1.8449543902358236e-06,0.0,100.0,RED
C0972,TEL,Corp,0,2.084920107635057e-06,0.0,100.0,RED
C0973,RET,SME,0,5.237148991945948e-06,0.0,100.0,RED
C0974,TRA,SME,0,8.035653314819788e-06,0.0,100.0,RED
C0975,MFG,SME,0,0.000134517843273,0.0,100.0,RED
C0976,TRA,Corp,0,3.1804782000493144e-05,0.0,100.0,RED
C0977,CHE,SME,0,1.3879806658661695e-05,0.0,100.0,RED
C0978,MFG,SME,0,1.8623175188445613e-06,0.0,100.0,RED
C0979,ENG,Corp,0,1.7423522946393958e-05,0.0,100.0,RED
C0980,CHE,Corp,0,3.3744850235747928e-06,0.0,100.0,RED
C0981,CON,SME,0,3.983964350661912e-05,0.0,100.0,RED
C0982,RET,Corp,0,1.0769951323868257e-06,0.0,100.0,RED
C0983,MFG,SME,0,0.000481687971805,0.0,100.0,RED
C0984,MFG,SME,1,0.999797143999103,1.0,0.0,RED
C0985,RET,SME,0,9.642356491432623e-07,0.0,100.0,RED
C0986,ENG,SME,0,4.136992347430076e-05,0.0,100.0,RED
C0987,RET,SME,0,0.000143550895297,0.0,100.0,RED
C0988,AGR,SME,0,3.2738780494625605e-06,0.0,100.0,RED
C0989,TRA,SME,0,1.4704461124535691e-06,0.0,100.0,RED
C0990,LOG,SME,0,2.6899419327983403e-06,0.0,100.0,RED
C0991,LOG,SME,0,1.4961465587169046e-06,0.0,100.0,RED
C0992,RET,SME,0,1.1350287227869255e-06,0.0,100.0,RED
C0993,TRA,SME,0,5.742628156665731e-06,0.0,100.0,RED
C0994,CHE,SME,0,6.061427604358188e-06,0.0,100.0,RED
C0995,CON,SME,0,9.96240257090535e-06,0.0,100.0,RED
C0996,MFG,SME,0,1.6346264070949818e-06,0.0,100.0,RED
C0997,TEL,Corp,0,1.2024410325882818e-06,0.0,100.0,RED
C0998,MFG,SME,0,1.148599166365028e-06,0.0,100.0,RED
C0999,IT,SME,0,1.9017245410323456e-06,0.0,100.0,RED
C1000,AGR,SME,0,5.4644169011018455e-06,0.0,100.0,RED
